100m wind speed (m/s), rated power output at 100m (MW), SCORE-lite power output at 100m (MW),CorrectedScore
 0.1462,0.9826,0.8511,1.2747
 0.1306,0.2881,0.5709,0.5103
 0.8597,0.0205,0.1886,1.7814
 0.1347,0.7953,0.1506,0.9685
 0.6779,0.7256,0.1370,1.956
 0.1914,0.3726,0.7960,0.753
 0.0760,0.1714,0.1615,0.2654
 0.4624,0.7494,0.4861,1.6505
 0.2357,0.6370,0.6508,1.0816
 0.4834,0.5641,0.9191,1.7254
 0.7818,0.6834,0.1722,2.2109
 0.1571,0.2040,0.3205,0.4362
 0.2707,0.6667,0.7014,1.2005
 0.7378,0.6467,0.5244,2.3159
 0.2720,0.4438,0.1477,0.8299
 0.1826,0.9868,0.3554,1.2677
 0.7072,0.4733,0.4056,1.9676
 0.3345,0.2491,0.5542,0.8808
 0.0713,0.6522,0.2735,0.7481
 0.9948,0.1293,0.4603,2.5717
 0.7770,0.7076,0.5622,2.5252
 0.1760,0.6829,0.7794,1.027
 0.1844,0.1941,0.1424,0.4388
 0.3044,0.9521,0.2553,1.4268
 0.3712,0.4634,0.1167,1.0157